02DC766A-63AF-43EF-B241-34E862B4602C#appfire#SELECT orderMain.orderDate,orderMain.grandTotal,orderMain.orderId,login.coreContacts.firstName FROM OrderMain AS orderMain,Login AS login 
 WHERE 
  orderMain.userId = login.user.userId 
 AND orderMain.userId = :userId1 
 
 
 #appfire#2#appfire#{"where":[{},{"_connIndex":"b8ab43n8-d66c-422a-0m1c-27b41c0bac1b","_parentIndex":"isWhereRoot","left":{"name":"userId","value":"orderMain.userId","valueType":1,"dataType":"VARCHAR","displayName":"User","widget":"combo","alias":"OrderMain","placeHolder":"userId","fieldType":"isReference","entConfig":{"name":"OrderMain","id":"2BF63DDE-F8D7-43F4-A2B0-9CB5F0BA055C","type":"T","alias":"orderMain","initParentAlias":"orderMain"},"fieldConfig":{"fieldName":"userId","name":"userId","initParentAlias":"orderMain","alias":"orderMain.userId","displayName":"User","fieldType":"java.lang.String","dataType":"VARCHAR","xtype":"combo","fieldSize":"64","isPKey":false}},"operator":"=","right":{"name":"userId","value":"login.user.userId","valueType":1,"dataType":"VARCHAR","displayName":"User Id","widget":"textfield","alias":"User","placeHolder":"userId","fieldType":"isReference","entConfig":{"name":"User","id":"29C8A50B-B674-4C2C-B96B-E21A4633371C","type":"T","alias":"login.user","initParentAlias":"login","relationType":"11","isEntity":true},"fieldConfig":{"fieldName":"userId","name":"userId","initParentAlias":"login","alias":"login.user.userId","displayName":"User Id","fieldType":"java.lang.String","dataType":"VARCHAR","xtype":"textfield","fieldSize":"64","isPKey":true}}},{"relation":"AND"},{"_connIndex":"2c4348a9-423b-4869-am2c-1m32680n461n","_parentIndex":"isWhereRoot","left":{"name":"userId","value":"orderMain.userId","valueType":1,"dataType":"VARCHAR","displayName":"User","widget":"combo","alias":"OrderMain","placeHolder":"userId","fieldType":"isReference","entConfig":{"name":"OrderMain","id":"2BF63DDE-F8D7-43F4-A2B0-9CB5F0BA055C","type":"T","alias":"orderMain","initParentAlias":"orderMain"},"fieldConfig":{"fieldName":"userId","name":"userId","initParentAlias":"orderMain","alias":"orderMain.userId","displayName":"User","fieldType":"java.lang.String","dataType":"VARCHAR","xtype":"combo","fieldSize":"64","isPKey":false}},"operator":"=","right":{"name":"userId1","value":":userId1","valueType":2,"dataType":"VARCHAR","displayName":"User","widget":"combo","alias":"OrderMain","placeHolder":"userId1","fieldType":"isDynamic","entConfig":{"name":"OrderMain","id":"2BF63DDE-F8D7-43F4-A2B0-9CB5F0BA055C","type":"T","alias":"orderMain","initParentAlias":"orderMain"},"fieldConfig":{"fieldName":"userId","name":"userId","initParentAlias":"orderMain","alias":"orderMain.userId","displayName":"User","fieldType":"java.lang.String","dataType":"VARCHAR","xtype":"combo","fieldSize":"64","isPKey":false},"sessionInput":true,"attributeName":"userId","attributeDatatype":"java.lang.String"}}],"fields":[{"fieldName":"orderDate","name":"orderDate","initParentAlias":"orderMain","alias":"orderMain.orderDate","displayName":"Date","fieldType":"java.sql.Date","dataType":"DATE","xtype":"datefield","fieldSize":"","isPKey":false},{"fieldName":"grandTotal","name":"grandTotal","initParentAlias":"orderMain","alias":"orderMain.grandTotal","displayName":"Grand Total","fieldType":"java.lang.Double","dataType":"DOUBLE","xtype":"numberfield","fieldSize":"10,2","isPKey":false},{"fieldName":"orderId","name":"orderId","initParentAlias":"orderMain","alias":"orderMain.orderId","displayName":"Order Id","fieldType":"java.lang.String","dataType":"VARCHAR","xtype":"textfield","fieldSize":"256","isPKey":true},{"fieldName":"firstName","name":"firstName","initParentAlias":"login","alias":"login.coreContacts.firstName","displayName":"First Name","fieldType":"java.lang.String","dataType":"VARCHAR","xtype":"textfield","fieldSize":"256","isPKey":false}],"inputParams":[{"dataType":"VARCHAR","placeHolder":"userId1","alias":"orderMain.userId","fieldType":"java.lang.String","sessionInput":true,"attributeName":"userId","attributeDatatype":"java.lang.String"}],"joinCondition":[]}#appfire#Placed Orders#appfire#PLACED ORDERS#appfire#null#appfire#DEWMO4J9UDXFIPVPH5AV7W#appfire#1#appfire#0#appfire#2016-01-29 20:24:48.0#appfire#0#appfire#2016-01-29 20:24:48.0#appfire#0#appfire#1#appfire#null#appfire#0#appfirenewline#0B35B192-071B-44E0-8195-534EC9C124A6#appfire#SELECT zenRequestDetails.requestId,zenRequestDetails.class_Name,zenRequestDetails.ip_Address,zenRequestDetails.request_Time,zenRequestDetails.request_Method,zenRequestDetails.http_Status,zenRequestDetails.return_Status,zenRequestDetails.execution_Time,zenRequestDetails.method_Name,zenRequestDetails.end_Time,zenRequestDetails.typeofClass,zenRequestDetails.callSeqId,zenRequestDetails.exceptionId,zenRequestDetails.appSessionId,zenRequestDetails.userId,login.coreContacts.firstName FROM ZenRequestDetails AS zenRequestDetails LEFT JOIN Login AS login WHERE login.user.userId = zenRequestDetails.userId ORDER BY zenRequestDetails.request_Time,zenRequestDetails.callSeqId#appfire#2#appfire#{"where":[{"_connIndex":"42adb488-n539-44d7-b3m3-53n30acb1188","_parentIndex":"isWhereRoot","left":{"name":"userId","value":"login.user.userId","valueType":1,"dataType":"VARCHAR","displayName":"userId","widget":"textfield","alias":"User","placeHolder":"userId","fieldType":"isReference","entConfig":{"name":"User","id":112,"type":"TP","alias":"login.user","initParentAlias":"login","relationType":"11","isEntity":true},"fieldConfig":{"fieldName":"userId","name":"userId","initParentAlias":"login","alias":"login.user.userId","displayName":"userId","fieldType":"java.lang.String","dataType":"VARCHAR","xtype":"textfield","fieldSize":"64","isPKey":true}},"operator":"=","right":{"name":"userId","value":"zenRequestDetails.userId","valueType":1,"dataType":"VARCHAR","displayName":"userId","widget":"textfield","alias":"ZenRequestDetails","placeHolder":"userId","fieldType":"isReference","entConfig":{"name":"ZenRequestDetails","id":126,"type":"M","alias":"zenRequestDetails","initParentAlias":"zenRequestDetails"},"fieldConfig":{"fieldName":"userId","name":"userId","initParentAlias":"zenRequestDetails","alias":"zenRequestDetails.userId","displayName":"userId","fieldType":"java.lang.String","dataType":"VARCHAR","xtype":"textfield","fieldSize":"256","isPKey":false}}}],"fields":[{"fieldName":"requestId","name":"requestId","initParentAlias":"zenRequestDetails","alias":"zenRequestDetails.requestId","displayName":"requestId","fieldType":"java.lang.String","dataType":"VARCHAR","xtype":"numberfield","fieldSize":"11","isPKey":true},{"fieldName":"class_Name","name":"class_Name","initParentAlias":"zenRequestDetails","alias":"zenRequestDetails.class_Name","displayName":"class_Name","fieldType":"java.lang.String","dataType":"VARCHAR","xtype":"textfield","fieldSize":"256","isPKey":false},{"fieldName":"ip_Address","name":"ip_Address","initParentAlias":"zenRequestDetails","alias":"zenRequestDetails.ip_Address","displayName":"ip_Address","fieldType":"java.lang.String","dataType":"VARCHAR","xtype":"textfield","fieldSize":"11","isPKey":false},{"fieldName":"request_Time","name":"request_Time","initParentAlias":"zenRequestDetails","alias":"zenRequestDetails.request_Time","displayName":"request_Time","fieldType":"java.sql.Timestamp","dataType":"DATETIME","xtype":"datefield","fieldSize":"","isPKey":false},{"fieldName":"request_Method","name":"request_Method","initParentAlias":"zenRequestDetails","alias":"zenRequestDetails.request_Method","displayName":"request_Method","fieldType":"java.lang.String","dataType":"VARCHAR","xtype":"textfield","fieldSize":"256","isPKey":false},{"fieldName":"http_Status","name":"http_Status","initParentAlias":"zenRequestDetails","alias":"zenRequestDetails.http_Status","displayName":"http_Status","fieldType":"java.lang.String","dataType":"VARCHAR","xtype":"textfield","fieldSize":"32","isPKey":false},{"fieldName":"return_Status","name":"return_Status","initParentAlias":"zenRequestDetails","alias":"zenRequestDetails.return_Status","displayName":"return_Status","fieldType":"java.lang.String","dataType":"VARCHAR","xtype":"textfield","fieldSize":"256","isPKey":false},{"fieldName":"execution_Time","name":"execution_Time","initParentAlias":"zenRequestDetails","alias":"zenRequestDetails.execution_Time","displayName":"execution_Time","fieldType":"java.lang.Double","dataType":"DOUBLE","xtype":"datefield","fieldSize":"","isPKey":false},{"fieldName":"method_Name","name":"method_Name","initParentAlias":"zenRequestDetails","alias":"zenRequestDetails.method_Name","displayName":"method_Name","fieldType":"java.lang.String","dataType":"VARCHAR","xtype":"textfield","fieldSize":"256","isPKey":false},{"fieldName":"end_Time","name":"end_Time","initParentAlias":"zenRequestDetails","alias":"zenRequestDetails.end_Time","displayName":"end_Time","fieldType":"java.sql.Timestamp","dataType":"DATETIME","xtype":"datefield","fieldSize":"","isPKey":false},{"fieldName":"typeofClass","name":"typeofClass","initParentAlias":"zenRequestDetails","alias":"zenRequestDetails.typeofClass","displayName":"typeofClass","fieldType":"java.lang.String","dataType":"VARCHAR","xtype":"numberfield","fieldSize":"256","isPKey":false},{"fieldName":"callSeqId","name":"callSeqId","initParentAlias":"zenRequestDetails","alias":"zenRequestDetails.callSeqId","displayName":"callSeqId","fieldType":"java.lang.Integer","dataType":"INT","xtype":"numberfield","fieldSize":"11","isPKey":false},{"fieldName":"exceptionId","name":"exceptionId","initParentAlias":"zenRequestDetails","alias":"zenRequestDetails.exceptionId","displayName":"exceptionId","fieldType":"java.lang.Integer","dataType":"INT","xtype":"numberfield","fieldSize":"11","isPKey":false},{"fieldName":"appSessionId","name":"appSessionId","initParentAlias":"zenRequestDetails","alias":"zenRequestDetails.appSessionId","displayName":"appSessionId","fieldType":"java.lang.String","dataType":"VARCHAR","xtype":"textfield","fieldSize":"256","isPKey":false},{"fieldName":"userId","name":"userId","initParentAlias":"zenRequestDetails","alias":"zenRequestDetails.userId","displayName":"userId","fieldType":"java.lang.String","dataType":"VARCHAR","xtype":"textfield","fieldSize":"256","isPKey":false},{"fieldName":"firstName","name":"firstName","initParentAlias":"login","alias":"login.coreContacts.firstName","displayName":"firstName","fieldType":"java.lang.String","dataType":"VARCHAR","xtype":"textfield","fieldSize":"256","isPKey":false}],"inputParams":[]}#appfire#Request Details#appfire#REQUEST DETAILS#appfire#ba9dced8-453e-49a3-b627-d497a1f91b17#appfire#DEWMO4J9UDXFIPVPH5AV7W#appfire#1#appfire#0#appfire#2016-01-29 20:24:48.0#appfire#0#appfire#2016-01-29 20:24:48.0#appfire#0#appfire#1#appfire#null#appfire#0#appfirenewline#0CDF7B10-4D0B-415D-B8C7-417A7BF2F2D1#appfire#SELECT item.itemName,category.categoryName,product.productName,brand.brandName,orderDetails.itemPrice,orderDetails.itemQuantity,orderDetails.subTotal FROM Item AS item,Category AS category,Product AS product,Brand AS brand,OrderMain AS orderMain,orderMain.orderDetails AS orderDetails 
 WHERE 
  orderDetails.itemId = item.itemId 
 AND item.productId = product.productId 
 AND item.productId = category.productId 
 AND item.categoryId = category.categoryId 
 AND item.productId = brand.productId 
 AND item.categoryId = brand.categoryId 
 AND item.brandId = brand.brandId 
 AND orderMain.orderId = :orderId 
 
 
 #appfire#2#appfire#{"where":[{},{"_connIndex":"c59212cn-n74n-4986-0bb0-17ndn7399850","_parentIndex":"isWhereRoot","left":{"name":"itemId","value":"orderDetails.itemId","valueType":1,"dataType":"VARCHAR","displayName":"Item Id","widget":"combo","alias":"OrderDetails","placeHolder":"itemId","fieldType":"isReference","entConfig":{"name":"OrderDetails","id":"CF97E926-0E98-4FBC-BB2D-2D2ECE0AF676","type":"TP","alias":"orderDetails","initParentAlias":"orderMain","relationType":"177","isEntity":true,"joinEntityName":"orderMain.orderDetails"},"fieldConfig":{"fieldName":"itemId","name":"itemId","initParentAlias":"orderMain","alias":"orderDetails.itemId","displayName":"Item Id","fieldType":"java.lang.String","dataType":"VARCHAR","xtype":"combo","fieldSize":"256","isPKey":false}},"operator":"=","right":{"name":"itemId","value":"item.itemId","valueType":1,"dataType":"VARCHAR","displayName":"Item Id","widget":"textfield","alias":"Item","placeHolder":"itemId","fieldType":"isReference","entConfig":{"name":"Item","id":"A60ABFFC-3B13-4D14-860C-017FD64716DE","type":"M","alias":"item","initParentAlias":"item"},"fieldConfig":{"fieldName":"itemId","name":"itemId","initParentAlias":"item","alias":"item.itemId","displayName":"Item Id","fieldType":"java.lang.String","dataType":"VARCHAR","xtype":"textfield","fieldSize":"256","isPKey":true}}},{"relation":"AND"},{"_connIndex":"mdm9m91m-a62n-42c5-b6dd-564mccc8m527","_parentIndex":"isWhereRoot","left":{"name":"productId","value":"item.productId","valueType":1,"dataType":"VARCHAR","displayName":"Product","widget":"combo","alias":"Item","placeHolder":"productId","fieldType":"isReference","entConfig":{"name":"Item","id":"A60ABFFC-3B13-4D14-860C-017FD64716DE","type":"M","alias":"item","initParentAlias":"item"},"fieldConfig":{"fieldName":"productId","name":"productId","initParentAlias":"item","alias":"item.productId","displayName":"Product","fieldType":"java.lang.String","dataType":"VARCHAR","xtype":"combo","fieldSize":"256","isPKey":false}},"operator":"=","right":{"name":"productId","value":"product.productId","valueType":1,"dataType":"VARCHAR","displayName":"Product Id","widget":"textfield","alias":"Product","placeHolder":"productId","fieldType":"isReference","entConfig":{"name":"Product","id":"42583AFB-7B98-455C-BA99-2EA4115FA7F2","type":"M","alias":"product","initParentAlias":"product"},"fieldConfig":{"fieldName":"productId","name":"productId","initParentAlias":"product","alias":"product.productId","displayName":"Product Id","fieldType":"java.lang.String","dataType":"VARCHAR","xtype":"textfield","fieldSize":"256","isPKey":true}}},{"relation":"AND"},{"_connIndex":"419241b8-bc51-4nn6-1adm-7bc2cdc9d10n","_parentIndex":"isWhereRoot","left":{"name":"productId","value":"item.productId","valueType":1,"dataType":"VARCHAR","displayName":"Product","widget":"combo","alias":"Item","placeHolder":"productId","fieldType":"isReference","entConfig":{"name":"Item","id":"A60ABFFC-3B13-4D14-860C-017FD64716DE","type":"M","alias":"item","initParentAlias":"item"},"fieldConfig":{"fieldName":"productId","name":"productId","initParentAlias":"item","alias":"item.productId","displayName":"Product","fieldType":"java.lang.String","dataType":"VARCHAR","xtype":"combo","fieldSize":"256","isPKey":false}},"operator":"=","right":{"name":"productId","value":"category.productId","valueType":1,"dataType":"VARCHAR","displayName":"Product","widget":"combo","alias":"Category","placeHolder":"productId","fieldType":"isReference","entConfig":{"name":"Category","id":"D6A9050A-F722-48EC-AC6C-1059F6021C79","type":"M","alias":"category","initParentAlias":"category"},"fieldConfig":{"fieldName":"productId","name":"productId","initParentAlias":"category","alias":"category.productId","displayName":"Product","fieldType":"java.lang.String","dataType":"VARCHAR","xtype":"combo","fieldSize":"256","isPKey":false}}},{"relation":"AND"},{"_connIndex":"bb38md16-c576-4857-b64a-81n99484m378","_parentIndex":"isWhereRoot","left":{"name":"categoryId","value":"item.categoryId","valueType":1,"dataType":"VARCHAR","displayName":"Category","widget":"combo","alias":"Item","placeHolder":"categoryId","fieldType":"isReference","entConfig":{"name":"Item","id":"A60ABFFC-3B13-4D14-860C-017FD64716DE","type":"M","alias":"item","initParentAlias":"item"},"fieldConfig":{"fieldName":"categoryId","name":"categoryId","initParentAlias":"item","alias":"item.categoryId","displayName":"Category","fieldType":"java.lang.String","dataType":"VARCHAR","xtype":"combo","fieldSize":"256","isPKey":false}},"operator":"=","right":{"name":"categoryId","value":"category.categoryId","valueType":1,"dataType":"VARCHAR","displayName":"Category Id","widget":"textfield","alias":"Category","placeHolder":"categoryId","fieldType":"isReference","entConfig":{"name":"Category","id":"D6A9050A-F722-48EC-AC6C-1059F6021C79","type":"M","alias":"category","initParentAlias":"category"},"fieldConfig":{"fieldName":"categoryId","name":"categoryId","initParentAlias":"category","alias":"category.categoryId","displayName":"Category Id","fieldType":"java.lang.String","dataType":"VARCHAR","xtype":"textfield","fieldSize":"256","isPKey":true}}},{"relation":"AND"},{"_connIndex":"d5017043-9776-47b5-04d7-ca37m2b4c163","_parentIndex":"isWhereRoot","left":{"name":"productId","value":"item.productId","valueType":1,"dataType":"VARCHAR","displayName":"Product","widget":"combo","alias":"Item","placeHolder":"productId","fieldType":"isReference","entConfig":{"name":"Item","id":"A60ABFFC-3B13-4D14-860C-017FD64716DE","type":"M","alias":"item","initParentAlias":"item"},"fieldConfig":{"fieldName":"productId","name":"productId","initParentAlias":"item","alias":"item.productId","displayName":"Product","fieldType":"java.lang.String","dataType":"VARCHAR","xtype":"combo","fieldSize":"256","isPKey":false}},"operator":"=","right":{"name":"productId","value":"brand.productId","valueType":1,"dataType":"VARCHAR","displayName":"Product","widget":"combo","alias":"Brand","placeHolder":"productId","fieldType":"isReference","entConfig":{"name":"Brand","id":"68EC9769-366B-4668-932F-3AC98EB47171","type":"M","alias":"brand","initParentAlias":"brand"},"fieldConfig":{"fieldName":"productId","name":"productId","initParentAlias":"brand","alias":"brand.productId","displayName":"Product","fieldType":"java.lang.String","dataType":"VARCHAR","xtype":"combo","fieldSize":"256","isPKey":false}}},{"relation":"AND"},{"_connIndex":"17c32719-ac59-4545-b160-c7a5n6m17d25","_parentIndex":"isWhereRoot","left":{"name":"categoryId","value":"item.categoryId","valueType":1,"dataType":"VARCHAR","displayName":"Category","widget":"combo","alias":"Item","placeHolder":"categoryId","fieldType":"isReference","entConfig":{"name":"Item","id":"A60ABFFC-3B13-4D14-860C-017FD64716DE","type":"M","alias":"item","initParentAlias":"item"},"fieldConfig":{"fieldName":"categoryId","name":"categoryId","initParentAlias":"item","alias":"item.categoryId","displayName":"Category","fieldType":"java.lang.String","dataType":"VARCHAR","xtype":"combo","fieldSize":"256","isPKey":false}},"operator":"=","right":{"name":"categoryId","value":"brand.categoryId","valueType":1,"dataType":"VARCHAR","displayName":"Category","widget":"combo","alias":"Brand","placeHolder":"categoryId","fieldType":"isReference","entConfig":{"name":"Brand","id":"68EC9769-366B-4668-932F-3AC98EB47171","type":"M","alias":"brand","initParentAlias":"brand"},"fieldConfig":{"fieldName":"categoryId","name":"categoryId","initParentAlias":"brand","alias":"brand.categoryId","displayName":"Category","fieldType":"java.lang.String","dataType":"VARCHAR","xtype":"combo","fieldSize":"256","isPKey":false}}},{"relation":"AND"},{"_connIndex":"c7c88m17-475c-4841-174n-cbbn1084383a","_parentIndex":"isWhereRoot","left":{"name":"brandId","value":"item.brandId","valueType":1,"dataType":"VARCHAR","displayName":"Brand","widget":"combo","alias":"Item","placeHolder":"brandId","fieldType":"isReference","entConfig":{"name":"Item","id":"A60ABFFC-3B13-4D14-860C-017FD64716DE","type":"M","alias":"item","initParentAlias":"item"},"fieldConfig":{"fieldName":"brandId","name":"brandId","initParentAlias":"item","alias":"item.brandId","displayName":"Brand","fieldType":"java.lang.String","dataType":"VARCHAR","xtype":"combo","fieldSize":"256","isPKey":false}},"operator":"=","right":{"name":"brandId","value":"brand.brandId","valueType":1,"dataType":"VARCHAR","displayName":"Brand Id","widget":"textfield","alias":"Brand","placeHolder":"brandId","fieldType":"isReference","entConfig":{"name":"Brand","id":"68EC9769-366B-4668-932F-3AC98EB47171","type":"M","alias":"brand","initParentAlias":"brand"},"fieldConfig":{"fieldName":"brandId","name":"brandId","initParentAlias":"brand","alias":"brand.brandId","displayName":"Brand Id","fieldType":"java.lang.String","dataType":"VARCHAR","xtype":"textfield","fieldSize":"256","isPKey":true}}},{"relation":"AND"},{"_connIndex":"9a67b37d-ca85-4296-1nmm-3ab17mb1a99m","_parentIndex":"isWhereRoot","left":{"name":"orderId","value":"orderMain.orderId","valueType":1,"dataType":"VARCHAR","displayName":"Order Id","widget":"textfield","alias":"OrderMain","placeHolder":"orderId","fieldType":"isReference","entConfig":{"name":"OrderMain","id":"2BF63DDE-F8D7-43F4-A2B0-9CB5F0BA055C","type":"T","alias":"orderMain","initParentAlias":"orderMain"},"fieldConfig":{"fieldName":"orderId","name":"orderId","initParentAlias":"orderMain","alias":"orderMain.orderId","displayName":"Order Id","fieldType":"java.lang.String","dataType":"VARCHAR","xtype":"textfield","fieldSize":"256","isPKey":true}},"operator":"=","right":{"name":"orderId","value":":orderId","valueType":2,"dataType":"VARCHAR","displayName":"Order Id","widget":"textfield","alias":"OrderMain","placeHolder":"orderId","fieldType":"isDynamic","entConfig":{"name":"OrderMain","id":"2BF63DDE-F8D7-43F4-A2B0-9CB5F0BA055C","type":"T","alias":"orderMain","initParentAlias":"orderMain"},"fieldConfig":{"fieldName":"orderId","name":"orderId","initParentAlias":"orderMain","alias":"orderMain.orderId","displayName":"Order Id","fieldType":"java.lang.String","dataType":"VARCHAR","xtype":"textfield","fieldSize":"256","isPKey":true}}}],"fields":[{"fieldName":"itemName","name":"itemName","initParentAlias":"item","alias":"item.itemName","displayName":"Item","fieldType":"java.lang.String","dataType":"VARCHAR","xtype":"textfield","fieldSize":"256","isPKey":false},{"fieldName":"categoryName","name":"categoryName","initParentAlias":"category","alias":"category.categoryName","displayName":"Category","fieldType":"java.lang.String","dataType":"VARCHAR","xtype":"textfield","fieldSize":"256","isPKey":false},{"fieldName":"productName","name":"productName","initParentAlias":"product","alias":"product.productName","displayName":"Product","fieldType":"java.lang.String","dataType":"VARCHAR","xtype":"textfield","fieldSize":"256","isPKey":false},{"fieldName":"brandName","name":"brandName","initParentAlias":"brand","alias":"brand.brandName","displayName":"Brand","fieldType":"java.lang.String","dataType":"VARCHAR","xtype":"textfield","fieldSize":"256","isPKey":false},{"fieldName":"itemPrice","name":"itemPrice","initParentAlias":"orderMain","alias":"orderDetails.itemPrice","displayName":"Price","fieldType":"java.lang.Double","dataType":"DOUBLE","xtype":"numberfield","fieldSize":"10,2","isPKey":false},{"fieldName":"itemQuantity","name":"itemQuantity","initParentAlias":"orderMain","alias":"orderDetails.itemQuantity","displayName":"Quantity","fieldType":"java.lang.Integer","dataType":"INT","xtype":"numberfield","fieldSize":"10","isPKey":false},{"fieldName":"subTotal","name":"subTotal","initParentAlias":"orderMain","alias":"orderDetails.subTotal","displayName":"Sub Total","fieldType":"java.lang.Double","dataType":"DOUBLE","xtype":"numberfield","fieldSize":"10,2","isPKey":false}],"inputParams":[{"dataType":"VARCHAR","placeHolder":"orderId","alias":"orderMain.orderId","fieldType":"java.lang.String"}],"joinCondition":[]}#appfire#Order Details#appfire#ORDER DETAILS#appfire#null#appfire#DEWMO4J9UDXFIPVPH5AV7W#appfire#1#appfire#0#appfire#2016-01-29 20:24:48.0#appfire#0#appfire#2016-01-29 20:24:48.0#appfire#0#appfire#1#appfire#null#appfire#0#appfirenewline#211B2D07-5E54-43BB-9A77-16AF8A6CD4C7#appfire#select e from SessionData e where e.systemInfo.activeStatus=1 and e.appSessionId=:appSessionId and e.sessionKey =:sessionKey#appfire#1#appfire#null#appfire#findBySessionKey#appfire#FINDBYSESSIONKEY#appfire#null#appfire#DEWMO4J9UDXFIPVPH5AV7W#appfire#1#appfire#0#appfire#2016-01-29 20:24:48.0#appfire#0#appfire#2016-01-29 20:24:48.0#appfire#0#appfire#1#appfire#null#appfire#0#appfirenewline#720F3003-6266-4F23-994E-DE7DFC4FEDEB#appfire#SELECT item.itemName,cart.itemPrice,cart.itemQuantity,cart.subTotal FROM Item AS item,Cart AS cart 
 WHERE 
  cart.itemId = item.itemId 
 AND cart.userId = :userId 
 
 
 #appfire#2#appfire#{"where":[{},{"_connIndex":"8b3m9a37-029a-417c-1727-d80d957405d8","_parentIndex":"isWhereRoot","left":{"name":"itemId","value":"cart.itemId","valueType":1,"dataType":"VARCHAR","displayName":"Item Id","widget":"combo","alias":"Cart","placeHolder":"itemId","fieldType":"isReference","entConfig":{"name":"Cart","id":"F0C5FED0-3CB1-4350-9532-01C0A728DD05","type":"T","alias":"cart","initParentAlias":"cart"},"fieldConfig":{"fieldName":"itemId","name":"itemId","initParentAlias":"cart","alias":"cart.itemId","displayName":"Item Id","fieldType":"java.lang.String","dataType":"VARCHAR","xtype":"combo","fieldSize":"256","isPKey":false}},"operator":"=","right":{"name":"itemId","value":"item.itemId","valueType":1,"dataType":"VARCHAR","displayName":"Item Id","widget":"textfield","alias":"Item","placeHolder":"itemId","fieldType":"isReference","entConfig":{"name":"Item","id":"A60ABFFC-3B13-4D14-860C-017FD64716DE","type":"M","alias":"item","initParentAlias":"item"},"fieldConfig":{"fieldName":"itemId","name":"itemId","initParentAlias":"item","alias":"item.itemId","displayName":"Item Id","fieldType":"java.lang.String","dataType":"VARCHAR","xtype":"textfield","fieldSize":"256","isPKey":true}}},{"relation":"AND"},{"_connIndex":"80n26m7n-b9md-452d-10c3-ab16d454an7b","_parentIndex":"isWhereRoot","left":{"name":"userId","value":"cart.userId","valueType":1,"dataType":"VARCHAR","displayName":"User","widget":"combo","alias":"Cart","placeHolder":"userId","fieldType":"isReference","entConfig":{"name":"Cart","id":"F0C5FED0-3CB1-4350-9532-01C0A728DD05","type":"T","alias":"cart","initParentAlias":"cart"},"fieldConfig":{"fieldName":"userId","name":"userId","initParentAlias":"cart","alias":"cart.userId","displayName":"User","fieldType":"java.lang.String","dataType":"VARCHAR","xtype":"combo","fieldSize":"64","isPKey":false}},"operator":"=","right":{"name":"userId","value":":userId","valueType":2,"dataType":"VARCHAR","displayName":"User","widget":"combo","alias":"Cart","placeHolder":"userId","fieldType":"isDynamic","entConfig":{"name":"Cart","id":"F0C5FED0-3CB1-4350-9532-01C0A728DD05","type":"T","alias":"cart","initParentAlias":"cart"},"fieldConfig":{"fieldName":"userId","name":"userId","initParentAlias":"cart","alias":"cart.userId","displayName":"User","fieldType":"java.lang.String","dataType":"VARCHAR","xtype":"combo","fieldSize":"64","isPKey":false}}}],"fields":[{"fieldName":"itemName","name":"itemName","initParentAlias":"item","alias":"item.itemName","displayName":"Item","fieldType":"java.lang.String","dataType":"VARCHAR","xtype":"textfield","fieldSize":"256","isPKey":false},{"fieldName":"itemPrice","name":"itemPrice","initParentAlias":"cart","alias":"cart.itemPrice","displayName":"Price","fieldType":"java.lang.Double","dataType":"DOUBLE","xtype":"numberfield","fieldSize":"10,2","isPKey":false},{"fieldName":"itemQuantity","name":"itemQuantity","initParentAlias":"cart","alias":"cart.itemQuantity","displayName":"Quantity","fieldType":"java.lang.Integer","dataType":"INT","xtype":"numberfield","fieldSize":"10","isPKey":false},{"fieldName":"subTotal","name":"subTotal","initParentAlias":"cart","alias":"cart.subTotal","displayName":"Sub Total","fieldType":"java.lang.Double","dataType":"DOUBLE","xtype":"numberfield","fieldSize":"10,2","isPKey":false}],"inputParams":[{"dataType":"VARCHAR","placeHolder":"userId","alias":"cart.userId","fieldType":"java.lang.String"}],"joinCondition":[]}#appfire#FetchCartDetails#appfire#FETCHCARTDETAILS#appfire#null#appfire#DEWMO4J9UDXFIPVPH5AV7W#appfire#1#appfire#0#appfire#2016-01-29 20:24:48.0#appfire#0#appfire#2016-01-29 20:24:48.0#appfire#0#appfire#1#appfire#null#appfire#0#appfirenewline#72FA5ADF-3342-4762-A5FC-268DF99D3A28#appfire#select e from SessionData e where e.systemInfo.activeStatus=1 and e.appSessionId=:appSessionId#appfire#1#appfire#null#appfire#SessionData.findByAppSessionId#appfire#SESSIONDATA.FINDBYAPPSESSIONID#appfire#null#appfire#DEWMO4J9UDXFIPVPH5AV7W#appfire#1#appfire#0#appfire#2016-01-29 20:24:48.0#appfire#0#appfire#2016-01-29 20:24:48.0#appfire#0#appfire#1#appfire#null#appfire#0#appfirenewline#79329202-9877-4FEF-AD82-F5BADC9E761B#appfire#delete from SessionData e where e.systemInfo.activeStatus=1 and e.appSessionId=:appSessionId#appfire#1#appfire#null#appfire#deleteAllSessionData#appfire#DELETEALLSESSIONDATA#appfire#null#appfire#DEWMO4J9UDXFIPVPH5AV7W#appfire#1#appfire#0#appfire#2016-01-29 20:24:48.0#appfire#0#appfire#2016-01-29 20:24:48.0#appfire#0#appfire#1#appfire#null#appfire#0#appfirenewline#7EDBD33B-77B1-4ADF-940A-6C5DBEE7C755#appfire#SELECT orderMain.orderDate,orderMain.grandTotal,orderMain.orderId,login.coreContacts.firstName FROM OrderMain AS orderMain,Login AS login 
 WHERE 
  orderMain.userId = login.user.userId 
 
 
 #appfire#2#appfire#{"where":[{"_connIndex":"7baa2318-020a-4n1c-00d1-16c7d16c19c1","_parentIndex":"isWhereRoot","left":{"name":"userId","value":"orderMain.userId","valueType":1,"dataType":"VARCHAR","displayName":"User","widget":"combo","alias":"OrderMain","placeHolder":"userId","fieldType":"isReference","entConfig":{"name":"OrderMain","id":"2BF63DDE-F8D7-43F4-A2B0-9CB5F0BA055C","type":"T","alias":"orderMain","initParentAlias":"orderMain"},"fieldConfig":{"fieldName":"userId","name":"userId","initParentAlias":"orderMain","alias":"orderMain.userId","displayName":"User","fieldType":"java.lang.String","dataType":"VARCHAR","xtype":"combo","fieldSize":"64","isPKey":false}},"operator":"=","right":{"name":"userId","value":"login.user.userId","valueType":1,"dataType":"VARCHAR","displayName":"User Id","widget":"textfield","alias":"User","placeHolder":"userId","fieldType":"isReference","entConfig":{"name":"User","id":"29C8A50B-B674-4C2C-B96B-E21A4633371C","type":"T","alias":"login.user","initParentAlias":"login","relationType":"11","isEntity":true},"fieldConfig":{"fieldName":"userId","name":"userId","initParentAlias":"login","alias":"login.user.userId","displayName":"User Id","fieldType":"java.lang.String","dataType":"VARCHAR","xtype":"textfield","fieldSize":"64","isPKey":true}}}],"fields":[{"fieldName":"orderDate","name":"orderDate","initParentAlias":"orderMain","alias":"orderMain.orderDate","displayName":"Date","fieldType":"java.sql.Date","dataType":"DATE","xtype":"datefield","fieldSize":"","isPKey":false},{"fieldName":"grandTotal","name":"grandTotal","initParentAlias":"orderMain","alias":"orderMain.grandTotal","displayName":"Grand Total","fieldType":"java.lang.Double","dataType":"DOUBLE","xtype":"numberfield","fieldSize":"10,2","isPKey":false},{"fieldName":"orderId","name":"orderId","initParentAlias":"orderMain","alias":"orderMain.orderId","displayName":"Order Id","fieldType":"java.lang.String","dataType":"VARCHAR","xtype":"textfield","fieldSize":"256","isPKey":true},{"fieldName":"firstName","name":"firstName","initParentAlias":"login","alias":"login.coreContacts.firstName","displayName":"First Name","fieldType":"java.lang.String","dataType":"VARCHAR","xtype":"textfield","fieldSize":"256","isPKey":false}],"inputParams":[],"joinCondition":[]}#appfire#Order Summary#appfire#ORDER SUMMARY#appfire#ba9dced8-453e-49a3-b627-d497a1f91b17#appfire#DEWMO4J9UDXFIPVPH5AV7W#appfire#1#appfire#0#appfire#2016-01-29 20:24:48.0#appfire#0#appfire#2016-01-29 20:24:48.0#appfire#0#appfire#1#appfire#null#appfire#0#appfirenewline#916DC7AF-16DD-40C4-B11B-35A897B0E14B#appfire#SELECT u FROM Login u WHERE u.systemInfo.activeStatus=1 AND u.user.userId IN (SELECT ub.userId FROM UserRoleBridge ub)#appfire#1#appfire#null#appfire#findMappedUser#appfire#FINDMAPPEDUSER#appfire#ba9dced8-453e-49a3-b627-d497a1f91b17#appfire#DEWMO4J9UDXFIPVPH5AV7W#appfire#1#appfire#0#appfire#2016-01-29 20:24:48.0#appfire#0#appfire#2016-01-29 20:24:48.0#appfire#0#appfire#1#appfire#null#appfire#0#appfirenewline#ABC4A67E-1ABA-4719-AF06-3C2047DA5120#appfire#SELECT u FROM Login u WHERE u.systemInfo.activeStatus=1 AND u.user.userId NOT IN (SELECT ub.userId FROM UserRoleBridge ub)#appfire#1#appfire#null#appfire#findUnMappedUser#appfire#FINDUNMAPPEDUSER#appfire#ba9dced8-453e-49a3-b627-d497a1f91b17#appfire#DEWMO4J9UDXFIPVPH5AV7W#appfire#1#appfire#0#appfire#2016-01-29 20:24:48.0#appfire#0#appfire#2016-01-29 20:24:48.0#appfire#0#appfire#1#appfire#null#appfire#0#appfirenewline#DA0BA528-8B3E-49D3-B58E-1D52A9F2FA72#appfire#SELECT zenHealth.monitor_id,zenHealth.scheduled_DateTime,zenHealth.server_Instance_Id,zenHealth.server_Ip_Address,zenHealth.total_Class,zenHealth.class_Loaded, zenHealth.class_Unloaded,zenHealth.gc_Collection_Time,zenHealth.gc_Memory_Name, (zenHealth.non_Heap_Committed/1024)/1024 AS non_Heap_Committed, (zenHealth.non_Heap_used/1024)/1024 AS non_Heap_used, (zenHealth.heap_Committed/1024)/1024 AS heap_Committed, (zenHealth.max_Memory/1024)/1024 AS max_memory , 100 - ((zenHealth.used_Memory/zenHealth.total_Memory) * 100) AS free_Memory, (zenHealth.heap_Used/1024)/1024 AS heap_Used, (zenHealth.total_Memory/1024)/1024 AS total_Memory, zenHealth.start_Time, zenHealth.up_Time,zenHealth.cpu_Time, (zenHealth.free_Physical_Size/1024)/1024 AS free_Physical_Size, (zenHealth.total_Physical_Memory_Size/1024)/1024 AS total_Physical_Memory_Size, zenHealth.cpu_Load_Time, FUNCTION('ROUND',(zenHealth.free_Swap_Size/1024)/1024) AS free_Swap_Size, zenHealth.system_Load_Average, FUNCTION('ROUND',(zenHealth.total_Swap_Size/1024)/1024) AS total_Swap_Size, zenHealth.available_Processor,zenHealth.total_Thread, zenHealth.thread_Peak_Count,zenHealth.thread_Started_Count,zenHealth.thread_Daemon_Count,zenHealth.thread_Cpu_Time, zenHealth.thread_User_Time,zenHealth.cpu_Load, (zenHealth.used_Memory/zenHealth.total_Memory) * 100 AS used_Memory, (zenHealth.used_Swap_Size/1024)/1024 AS used_Swap_Size, (zenHealth.used_Physical_Memory /1024)/1024 AS used_Physical_Memory FROM ZenHealth AS zenHealth ORDER BY zenHealth.scheduled_DateTime DESC#appfire#2#appfire#{"where":[],"fields":[{"fieldName":"monitor_id","name":"monitor_id","initParentAlias":"zenHealth","alias":"zenHealth.monitor_id","displayName":"monitor_id","fieldType":"java.lang.String","dataType":"VARCHAR","xtype":"numberfield","fieldSize":"11","isPKey":true},{"fieldName":"scheduled_DateTime","name":"scheduled_DateTime","initParentAlias":"zenHealth","alias":"zenHealth.scheduled_DateTime","displayName":"scheduled_DateTime","fieldType":"java.sql.Timestamp","dataType":"DATETIME","xtype":"datefield","fieldSize":"","isPKey":false},{"fieldName":"server_Instance_Id","name":"server_Instance_Id","initParentAlias":"zenHealth","alias":"zenHealth.server_Instance_Id","displayName":"server_Instance_Id","fieldType":"java.lang.Integer","dataType":"INT","xtype":"numberfield","fieldSize":"32","isPKey":false},{"fieldName":"server_Ip_Address","name":"server_Ip_Address","initParentAlias":"zenHealth","alias":"zenHealth.server_Ip_Address","displayName":"server_Ip_Address","fieldType":"java.lang.String","dataType":"VARCHAR","xtype":"textfield","fieldSize":"3","isPKey":false},{"fieldName":"total_Class","name":"total_Class","initParentAlias":"zenHealth","alias":"zenHealth.total_Class","displayName":"total_Class","fieldType":"java.lang.Integer","dataType":"INT","xtype":"textfield","fieldSize":"11","isPKey":false},{"fieldName":"class_Loaded","name":"class_Loaded","initParentAlias":"zenHealth","alias":"zenHealth.class_Loaded","displayName":"class_Loaded","fieldType":"java.lang.Integer","dataType":"INT","xtype":"textfield","fieldSize":"11","isPKey":false},{"fieldName":"class_Unloaded","name":"class_Unloaded","initParentAlias":"zenHealth","alias":"zenHealth.class_Unloaded","displayName":"class_Unloaded","fieldType":"java.lang.Integer","dataType":"INT","xtype":"combo","fieldSize":"11","isPKey":false},{"fieldName":"gc_Collection_Time","name":"gc_Collection_Time","initParentAlias":"zenHealth","alias":"zenHealth.gc_Collection_Time","displayName":"gc_Collection_Time","fieldType":"java.lang.Integer","dataType":"INT","xtype":"numberfield","fieldSize":"11","isPKey":false},{"fieldName":"gc_Memory_Name","name":"gc_Memory_Name","initParentAlias":"zenHealth","alias":"zenHealth.gc_Memory_Name","displayName":"gc_Memory_Name","fieldType":"java.lang.String","dataType":"VARCHAR","xtype":"textfield","fieldSize":"256","isPKey":false},{"fieldName":"non_Heap_Committed","name":"non_Heap_Committed","initParentAlias":"zenHealth","alias":"zenHealth.non_Heap_Committed","displayName":"non_Heap_Committed","fieldType":"java.lang.Double","dataType":"DOUBLE","xtype":"numberfield","fieldSize":"","isPKey":false},{"fieldName":"non_Heap_used","name":"non_Heap_used","initParentAlias":"zenHealth","alias":"zenHealth.non_Heap_used","displayName":"non_Heap_used","fieldType":"java.lang.Double","dataType":"DOUBLE","xtype":"numberfield","fieldSize":"","isPKey":false},{"fieldName":"heap_Committed","name":"heap_Committed","initParentAlias":"zenHealth","alias":"zenHealth.heap_Committed","displayName":"heap_Committed","fieldType":"java.lang.Double","dataType":"DOUBLE","xtype":"numberfield","fieldSize":"","isPKey":false},{"fieldName":"max_Memory","name":"max_Memory","initParentAlias":"zenHealth","alias":"zenHealth.max_Memory","displayName":"max_Memory","fieldType":"java.lang.Double","dataType":"DOUBLE","xtype":"numberfield","fieldSize":"","isPKey":false},{"fieldName":"free_Memory","name":"free_Memory","initParentAlias":"zenHealth","alias":"zenHealth.free_Memory","displayName":"free_Memory","fieldType":"java.lang.Double","dataType":"DOUBLE","xtype":"numberfield","fieldSize":"","isPKey":false},{"fieldName":"heap_Used","name":"heap_Used","initParentAlias":"zenHealth","alias":"zenHealth.heap_Used","displayName":"heap_Used","fieldType":"java.lang.Double","dataType":"DOUBLE","xtype":"numberfield","fieldSize":"","isPKey":false},{"fieldName":"total_Memory","name":"total_Memory","initParentAlias":"zenHealth","alias":"zenHealth.total_Memory","displayName":"total_Memory","fieldType":"java.lang.Double","dataType":"DOUBLE","xtype":"numberfield","fieldSize":"","isPKey":false},{"fieldName":"start_Time","name":"start_Time","initParentAlias":"zenHealth","alias":"zenHealth.start_Time","displayName":"start_Time","fieldType":"java.sql.Timestamp","dataType":"DATETIME","xtype":"datefield","fieldSize":"","isPKey":false},{"fieldName":"up_Time","name":"up_Time","initParentAlias":"zenHealth","alias":"zenHealth.up_Time","displayName":"up_Time","fieldType":"java.lang.Integer","dataType":"INT","xtype":"numberfield","fieldSize":"11","isPKey":false},{"fieldName":"cpu_Time","name":"cpu_Time","initParentAlias":"zenHealth","alias":"zenHealth.cpu_Time","displayName":"cpu_Time","fieldType":"java.lang.Double","dataType":"DOUBLE","xtype":"numberfield","fieldSize":"","isPKey":false},{"fieldName":"free_Physical_Size","name":"free_Physical_Size","initParentAlias":"zenHealth","alias":"zenHealth.free_Physical_Size","displayName":"free_Physical_Size","fieldType":"java.lang.Double","dataType":"DOUBLE","xtype":"numberfield","fieldSize":"","isPKey":false},{"fieldName":"total_Physical_Memory_Size","name":"total_Physical_Memory_Size","initParentAlias":"zenHealth","alias":"zenHealth.total_Physical_Memory_Size","displayName":"total_Physical_Memory_Size","fieldType":"java.lang.Double","dataType":"DOUBLE","xtype":"numberfield","fieldSize":"","isPKey":false},{"fieldName":"cpu_Load_Time","name":"cpu_Load_Time","initParentAlias":"zenHealth","alias":"zenHealth.cpu_Load_Time","displayName":"cpu_Load_Time","fieldType":"java.lang.Double","dataType":"DOUBLE","xtype":"numberfield","fieldSize":"","isPKey":false},{"fieldName":"free_Swap_Size","name":"free_Swap_Size","initParentAlias":"zenHealth","alias":"zenHealth.free_Swap_Size","displayName":"free_Swap_Size","fieldType":"java.lang.Double","dataType":"DOUBLE","xtype":"numberfield","fieldSize":"","isPKey":false},{"fieldName":"system_Load_Average","name":"system_Load_Average","initParentAlias":"zenHealth","alias":"zenHealth.system_Load_Average","displayName":"system_Load_Average","fieldType":"java.lang.Double","dataType":"DOUBLE","xtype":"numberfield","fieldSize":"","isPKey":false},{"fieldName":"total_Swap_Size","name":"total_Swap_Size","initParentAlias":"zenHealth","alias":"zenHealth.total_Swap_Size","displayName":"total_Swap_Size","fieldType":"java.lang.Double","dataType":"DOUBLE","xtype":"numberfield","fieldSize":"","isPKey":false},{"fieldName":"available_Processor","name":"available_Processor","initParentAlias":"zenHealth","alias":"zenHealth.available_Processor","displayName":"available_Processor","fieldType":"java.lang.Double","dataType":"DOUBLE","xtype":"numberfield","fieldSize":"","isPKey":false},{"fieldName":"total_Thread","name":"total_Thread","initParentAlias":"zenHealth","alias":"zenHealth.total_Thread","displayName":"total_Thread","fieldType":"java.lang.Double","dataType":"DOUBLE","xtype":"numberfield","fieldSize":"","isPKey":false},{"fieldName":"thread_Peak_Count","name":"thread_Peak_Count","initParentAlias":"zenHealth","alias":"zenHealth.thread_Peak_Count","displayName":"thread_Peak_Count","fieldType":"java.lang.Double","dataType":"DOUBLE","xtype":"numberfield","fieldSize":"","isPKey":false},{"fieldName":"thread_Started_Count","name":"thread_Started_Count","initParentAlias":"zenHealth","alias":"zenHealth.thread_Started_Count","displayName":"thread_Started_Count","fieldType":"java.lang.Double","dataType":"DOUBLE","xtype":"numberfield","fieldSize":"","isPKey":false},{"fieldName":"thread_Daemon_Count","name":"thread_Daemon_Count","initParentAlias":"zenHealth","alias":"zenHealth.thread_Daemon_Count","displayName":"thread_Daemon_Count","fieldType":"java.lang.Double","dataType":"DOUBLE","xtype":"numberfield","fieldSize":"","isPKey":false},{"fieldName":"thread_Cpu_Time","name":"thread_Cpu_Time","initParentAlias":"zenHealth","alias":"zenHealth.thread_Cpu_Time","displayName":"thread_Cpu_Time","fieldType":"java.lang.Double","dataType":"DOUBLE","xtype":"numberfield","fieldSize":"","isPKey":false},{"fieldName":"thread_User_Time","name":"thread_User_Time","initParentAlias":"zenHealth","alias":"zenHealth.thread_User_Time","displayName":"thread_User_Time","fieldType":"java.lang.String","dataType":"VARCHAR","xtype":"textfield","fieldSize":"256","isPKey":false},{"fieldName":"cpu_Load","name":"cpu_Load","initParentAlias":"zenHealth","alias":"zenHealth.cpu_Load","displayName":"cpu_Load","fieldType":"java.lang.Double","dataType":"DOUBLE","xtype":"numberfield","fieldSize":"","isPKey":false},{"fieldName":"used_Memory","name":"used_Memory","initParentAlias":"zenHealth","alias":"zenHealth.used_Memory","displayName":"used_Memory","fieldType":"java.lang.Double","dataType":"DOUBLE","xtype":"numberfield","fieldSize":"","isPKey":false},{"fieldName":"used_Swap_Size","name":"used_Swap_Size","initParentAlias":"zenHealth","alias":"zenHealth.used_Swap_Size","displayName":"used_Swap_Size","fieldType":"java.lang.Double","dataType":"DOUBLE","xtype":"numberfield","fieldSize":"","isPKey":false},{"fieldName":"used_Physical_Memory","name":"used_Physical_Memory","initParentAlias":"zenHealth","alias":"zenHealth.used_Physical_Memory","displayName":"used_Physical_Memory","fieldType":"java.lang.Double","dataType":"DOUBLE","xtype":"numberfield","fieldSize":"","isPKey":false}],"inputParams":[]}#appfire#App Server Memory Usage#appfire#APP SERVER MEMORY USAGE#appfire#ba9dced8-453e-49a3-b627-d497a1f91b17#appfire#DEWMO4J9UDXFIPVPH5AV7W#appfire#1#appfire#0#appfire#2016-01-29 20:24:48.0#appfire#0#appfire#2016-01-29 20:24:48.0#appfire#0#appfire#1#appfire#null#appfire#0#appfirenewline#EA2E3B1D-5D0A-49B9-8A0A-4E640661FAFE#appfire#SELECT item.itemName,item.itemStock FROM Item AS item 
 
 
 
 #appfire#2#appfire#{"where":[],"fields":[{"fieldName":"itemName","name":"itemName","initParentAlias":"item","alias":"item.itemName","displayName":"Item","fieldType":"java.lang.String","dataType":"VARCHAR","xtype":"textfield","fieldSize":"256","isPKey":false},{"fieldName":"itemStock","name":"itemStock","initParentAlias":"item","alias":"item.itemStock","displayName":"Stock","fieldType":"java.lang.Integer","dataType":"INT","xtype":"numberfield","fieldSize":"10","isPKey":false}],"inputParams":[],"joinCondition":[]}#appfire#Item Stock#appfire#ITEM STOCK#appfire#ba9dced8-453e-49a3-b627-d497a1f91b17#appfire#DEWMO4J9UDXFIPVPH5AV7W#appfire#1#appfire#0#appfire#2016-01-29 20:24:48.0#appfire#0#appfire#2016-01-29 20:24:48.0#appfire#0#appfire#1#appfire#null#appfire#0#appfirenewline#F841726D-E75D-4139-81E1-FC83C3466487#appfire#SELECT zenHealthStatus.healthId,zenHealthStatus.scheduled_DateTime,zenHealthStatus.server_Instance_Id,zenHealthStatus.server_Ip_Address, FUNCTION('ROUND',100 - (zenHealthStatus.used_Space/zenHealthStatus.total_Space )* 100) AS free_Space, FUNCTION('ROUND',(zenHealthStatus.used_Space/zenHealthStatus.total_Space )* 100 ) AS used_Space, FUNCTION('ROUND',(zenHealthStatus.total_Space/1024)/1024) AS total_Space, zenHealthStatus.status FROM ZenHealthStatus AS zenHealthStatus ORDER BY zenHealthStatus.scheduled_DateTime DESC#appfire#2#appfire#{"where":[],"fields":[{"fieldName":"healthId","name":"healthId","initParentAlias":"zenHealthStatus","alias":"zenHealthStatus.healthId","displayName":"healthId","fieldType":"java.lang.String","dataType":"VACHAR","xtype":"numberfield","fieldSize":"11","isPKey":true},{"fieldName":"scheduled_DateTime","name":"scheduled_DateTime","initParentAlias":"zenHealthStatus","alias":"zenHealthStatus.scheduled_DateTime","displayName":"scheduled_DateTime","fieldType":"java.sql.Timestamp","dataType":"DATETIME","xtype":"datefield","fieldSize":"","isPKey":false},{"fieldName":"server_Instance_Id","name":"server_Instance_Id","initParentAlias":"zenHealthStatus","alias":"zenHealthStatus.server_Instance_Id","displayName":"server_Instance_Id","fieldType":"java.lang.Integer","dataType":"INT","xtype":"textfield","fieldSize":"3","isPKey":false},{"fieldName":"server_Ip_Address","name":"server_Ip_Address","initParentAlias":"zenHealthStatus","alias":"zenHealthStatus.server_Ip_Address","displayName":"server_Ip_Address","fieldType":"java.lang.String","dataType":"VARCHAR","xtype":"textfield","fieldSize":"3","isPKey":false},{"fieldName":"free_Space","name":"free_Space","initParentAlias":"zenHealthStatus","alias":"zenHealthStatus.free_Space","displayName":"free_Space","fieldType":"java.lang.Double","dataType":"DOUBLE","xtype":"numberfield","fieldSize":"","isPKey":false},{"fieldName":"used_Space","name":"used_Space","initParentAlias":"zenHealthStatus","alias":"zenHealthStatus.used_Space","displayName":"used_Space","fieldType":"java.lang.Double","dataType":"DOUBLE","xtype":"numberfield","fieldSize":"","isPKey":false},{"fieldName":"total_Space","name":"total_Space","initParentAlias":"zenHealthStatus","alias":"zenHealthStatus.total_Space","displayName":"total_Space","fieldType":"java.lang.Double","dataType":"DOUBLE","xtype":"numberfield","fieldSize":"","isPKey":false},{"fieldName":"status","name":"status","initParentAlias":"zenHealthStatus","alias":"zenHealthStatus.status","displayName":"status","fieldType":"java.lang.String","dataType":"VARCHAR","xtype":"textfield","fieldSize":"256","isPKey":false}],"inputParams":[]}#appfire#System Memory Usage#appfire#SYSTEM MEMORY USAGE#appfire#ba9dced8-453e-49a3-b627-d497a1f91b17#appfire#DEWMO4J9UDXFIPVPH5AV7W#appfire#1#appfire#0#appfire#2016-01-29 20:24:48.0#appfire#0#appfire#2016-01-29 20:24:48.0#appfire#0#appfire#1#appfire#null#appfire#0#appfirenewline#FFF92B1D-45BD-42BE-99CF-40F4F297D12C#appfire#SELECT category.categoryName,brand.brandName,product.productName,item.itemId,item.itemName,item.itemPrice,item.itemIcon FROM Category AS category,Brand AS brand,Product AS product,Item AS item 
 WHERE 
  item.productId = product.productId 
 AND item.productId = category.productId 
 AND item.categoryId = category.categoryId 
 AND item.productId = brand.productId 
 AND item.categoryId = brand.categoryId 
 AND item.brandId = brand.brandId 
 AND item.itemStock > 0 
 
 
 #appfire#2#appfire#{"where":[{},{"_connIndex":"5n187n31-bmbn-4c10-1d63-1b9974ca0139","_parentIndex":"isWhereRoot","left":{"name":"productId","value":"item.productId","valueType":1,"dataType":"VARCHAR","displayName":"Product","widget":"combo","alias":"Item","placeHolder":"productId","fieldType":"isReference","entConfig":{"name":"Item","id":"A60ABFFC-3B13-4D14-860C-017FD64716DE","type":"M","alias":"item","initParentAlias":"item"},"fieldConfig":{"fieldName":"productId","name":"productId","initParentAlias":"item","alias":"item.productId","displayName":"Product","fieldType":"java.lang.String","dataType":"VARCHAR","xtype":"combo","fieldSize":"256","isPKey":false}},"operator":"=","right":{"name":"productId","value":"product.productId","valueType":1,"dataType":"VARCHAR","displayName":"Product Id","widget":"textfield","alias":"Product","placeHolder":"productId","fieldType":"isReference","entConfig":{"name":"Product","id":"42583AFB-7B98-455C-BA99-2EA4115FA7F2","type":"M","alias":"product","initParentAlias":"product"},"fieldConfig":{"fieldName":"productId","name":"productId","initParentAlias":"product","alias":"product.productId","displayName":"Product Id","fieldType":"java.lang.String","dataType":"VARCHAR","xtype":"textfield","fieldSize":"256","isPKey":true}}},{"relation":"AND"},{"_connIndex":"8ca9b5d9-549c-489c-1ab7-cb75036aa464","_parentIndex":"isWhereRoot","left":{"name":"productId","value":"item.productId","valueType":1,"dataType":"VARCHAR","displayName":"Product","widget":"combo","alias":"Item","placeHolder":"productId","fieldType":"isReference","entConfig":{"name":"Item","id":"A60ABFFC-3B13-4D14-860C-017FD64716DE","type":"M","alias":"item","initParentAlias":"item"},"fieldConfig":{"fieldName":"productId","name":"productId","initParentAlias":"item","alias":"item.productId","displayName":"Product","fieldType":"java.lang.String","dataType":"VARCHAR","xtype":"combo","fieldSize":"256","isPKey":false}},"operator":"=","right":{"name":"productId","value":"category.productId","valueType":1,"dataType":"VARCHAR","displayName":"Product","widget":"combo","alias":"Category","placeHolder":"productId","fieldType":"isReference","entConfig":{"name":"Category","id":"D6A9050A-F722-48EC-AC6C-1059F6021C79","type":"M","alias":"category","initParentAlias":"category"},"fieldConfig":{"fieldName":"productId","name":"productId","initParentAlias":"category","alias":"category.productId","displayName":"Product","fieldType":"java.lang.String","dataType":"VARCHAR","xtype":"combo","fieldSize":"256","isPKey":false}}},{"relation":"AND"},{"_connIndex":"69bd05c2-5b77-49nb-1m91-10bc71897263","_parentIndex":"isWhereRoot","left":{"name":"categoryId","value":"item.categoryId","valueType":1,"dataType":"VARCHAR","displayName":"Category","widget":"combo","alias":"Item","placeHolder":"categoryId","fieldType":"isReference","entConfig":{"name":"Item","id":"A60ABFFC-3B13-4D14-860C-017FD64716DE","type":"M","alias":"item","initParentAlias":"item"},"fieldConfig":{"fieldName":"categoryId","name":"categoryId","initParentAlias":"item","alias":"item.categoryId","displayName":"Category","fieldType":"java.lang.String","dataType":"VARCHAR","xtype":"combo","fieldSize":"256","isPKey":false}},"operator":"=","right":{"name":"categoryId","value":"category.categoryId","valueType":1,"dataType":"VARCHAR","displayName":"Category Id","widget":"textfield","alias":"Category","placeHolder":"categoryId","fieldType":"isReference","entConfig":{"name":"Category","id":"D6A9050A-F722-48EC-AC6C-1059F6021C79","type":"M","alias":"category","initParentAlias":"category"},"fieldConfig":{"fieldName":"categoryId","name":"categoryId","initParentAlias":"category","alias":"category.categoryId","displayName":"Category Id","fieldType":"java.lang.String","dataType":"VARCHAR","xtype":"textfield","fieldSize":"256","isPKey":true}}},{"relation":"AND"},{"_connIndex":"nm89bd4m-283a-46bm-b008-7cc7974n2a1n","_parentIndex":"isWhereRoot","left":{"name":"productId","value":"item.productId","valueType":1,"dataType":"VARCHAR","displayName":"Product","widget":"combo","alias":"Item","placeHolder":"productId","fieldType":"isReference","entConfig":{"name":"Item","id":"A60ABFFC-3B13-4D14-860C-017FD64716DE","type":"M","alias":"item","initParentAlias":"item"},"fieldConfig":{"fieldName":"productId","name":"productId","initParentAlias":"item","alias":"item.productId","displayName":"Product","fieldType":"java.lang.String","dataType":"VARCHAR","xtype":"combo","fieldSize":"256","isPKey":false}},"operator":"=","right":{"name":"productId","value":"brand.productId","valueType":1,"dataType":"VARCHAR","displayName":"Product","widget":"combo","alias":"Brand","placeHolder":"productId","fieldType":"isReference","entConfig":{"name":"Brand","id":"68EC9769-366B-4668-932F-3AC98EB47171","type":"M","alias":"brand","initParentAlias":"brand"},"fieldConfig":{"fieldName":"productId","name":"productId","initParentAlias":"brand","alias":"brand.productId","displayName":"Product","fieldType":"java.lang.String","dataType":"VARCHAR","xtype":"combo","fieldSize":"256","isPKey":false}}},{"relation":"AND"},{"_connIndex":"b84aa912-9a27-47a4-1757-d402ac133m46","_parentIndex":"isWhereRoot","left":{"name":"categoryId","value":"item.categoryId","valueType":1,"dataType":"VARCHAR","displayName":"Category","widget":"combo","alias":"Item","placeHolder":"categoryId","fieldType":"isReference","entConfig":{"name":"Item","id":"A60ABFFC-3B13-4D14-860C-017FD64716DE","type":"M","alias":"item","initParentAlias":"item"},"fieldConfig":{"fieldName":"categoryId","name":"categoryId","initParentAlias":"item","alias":"item.categoryId","displayName":"Category","fieldType":"java.lang.String","dataType":"VARCHAR","xtype":"combo","fieldSize":"256","isPKey":false}},"operator":"=","right":{"name":"categoryId","value":"brand.categoryId","valueType":1,"dataType":"VARCHAR","displayName":"Category","widget":"combo","alias":"Brand","placeHolder":"categoryId","fieldType":"isReference","entConfig":{"name":"Brand","id":"68EC9769-366B-4668-932F-3AC98EB47171","type":"M","alias":"brand","initParentAlias":"brand"},"fieldConfig":{"fieldName":"categoryId","name":"categoryId","initParentAlias":"brand","alias":"brand.categoryId","displayName":"Category","fieldType":"java.lang.String","dataType":"VARCHAR","xtype":"combo","fieldSize":"256","isPKey":false}}},{"relation":"AND"},{"_connIndex":"m30ba8dn-ma88-4c02-1b63-7d8nm0m713c7","_parentIndex":"isWhereRoot","left":{"name":"brandId","value":"item.brandId","valueType":1,"dataType":"VARCHAR","displayName":"Brand","widget":"combo","alias":"Item","placeHolder":"brandId","fieldType":"isReference","entConfig":{"name":"Item","id":"A60ABFFC-3B13-4D14-860C-017FD64716DE","type":"M","alias":"item","initParentAlias":"item"},"fieldConfig":{"fieldName":"brandId","name":"brandId","initParentAlias":"item","alias":"item.brandId","displayName":"Brand","fieldType":"java.lang.String","dataType":"VARCHAR","xtype":"combo","fieldSize":"256","isPKey":false}},"operator":"=","right":{"name":"brandId","value":"brand.brandId","valueType":1,"dataType":"VARCHAR","displayName":"Brand Id","widget":"textfield","alias":"Brand","placeHolder":"brandId","fieldType":"isReference","entConfig":{"name":"Brand","id":"68EC9769-366B-4668-932F-3AC98EB47171","type":"M","alias":"brand","initParentAlias":"brand"},"fieldConfig":{"fieldName":"brandId","name":"brandId","initParentAlias":"brand","alias":"brand.brandId","displayName":"Brand Id","fieldType":"java.lang.String","dataType":"VARCHAR","xtype":"textfield","fieldSize":"256","isPKey":true}}},{"relation":"AND"},{"_connIndex":"5m5364m5-434m-457c-1n3d-c39m3m8b487c","_parentIndex":"isWhereRoot","left":{"name":"itemStock","value":"item.itemStock","valueType":1,"dataType":"INT","displayName":"Stock","widget":"numberfield","alias":"Item","placeHolder":"itemStock","fieldType":"isReference","entConfig":{"name":"Item","id":"A60ABFFC-3B13-4D14-860C-017FD64716DE","type":"M","alias":"item","initParentAlias":"item"},"fieldConfig":{"fieldName":"itemStock","name":"itemStock","initParentAlias":"item","alias":"item.itemStock","displayName":"Stock","fieldType":"java.lang.Integer","dataType":"INT","xtype":"numberfield","fieldSize":"10","isPKey":false}},"operator":">","right":{"name":"","value":"0","valueType":3,"dataType":"","displayName":"","widget":"","alias":"","placeHolder":"","fieldType":"isStatic","entConfig":{},"fieldConfig":{}}}],"fields":[{"fieldName":"categoryName","name":"categoryName","initParentAlias":"category","alias":"category.categoryName","displayName":"Category","fieldType":"java.lang.String","dataType":"VARCHAR","xtype":"textfield","fieldSize":"256","isPKey":false},{"fieldName":"brandName","name":"brandName","initParentAlias":"brand","alias":"brand.brandName","displayName":"Brand","fieldType":"java.lang.String","dataType":"VARCHAR","xtype":"textfield","fieldSize":"256","isPKey":false},{"fieldName":"productName","name":"productName","initParentAlias":"product","alias":"product.productName","displayName":"Product","fieldType":"java.lang.String","dataType":"VARCHAR","xtype":"textfield","fieldSize":"256","isPKey":false},{"fieldName":"itemId","name":"itemId","initParentAlias":"item","alias":"item.itemId","displayName":"Item Id","fieldType":"java.lang.String","dataType":"VARCHAR","xtype":"textfield","fieldSize":"256","isPKey":true},{"fieldName":"itemName","name":"itemName","initParentAlias":"item","alias":"item.itemName","displayName":"Item","fieldType":"java.lang.String","dataType":"VARCHAR","xtype":"textfield","fieldSize":"256","isPKey":false},{"fieldName":"itemPrice","name":"itemPrice","initParentAlias":"item","alias":"item.itemPrice","displayName":"Price","fieldType":"java.lang.Double","dataType":"DOUBLE","xtype":"numberfield","fieldSize":"10,2","isPKey":false},{"fieldName":"itemIcon","name":"itemIcon","initParentAlias":"item","alias":"item.itemIcon","displayName":"Icon","fieldType":"java.lang.String","dataType":"TEXT","xtype":"fileupload","fieldSize":"","isPKey":false}],"inputParams":[],"joinCondition":[]}#appfire#FetchItemDetails#appfire#FETCHITEMDETAILS#appfire#null#appfire#DEWMO4J9UDXFIPVPH5AV7W#appfire#1#appfire#0#appfire#2016-01-29 20:24:48.0#appfire#0#appfire#2016-01-29 20:24:48.0#appfire#0#appfire#1#appfire#null#appfire#0